algorithm,fold,MAPE,MAE
"LightGBM, linear trees",Q2,0.01423080513679461,35.650324866508775
"LightGBM, linear trees",Q3,0.013852771926726425,32.467738417615244
"LightGBM, linear trees",X1,0.01867300548097073,43.70720635575957
"LightGBM, linear trees",X2,0.014461670943589945,33.458144053613786
"LightGBM, standard trees",Q2,0.015376230820413107,37.02274275024419
"LightGBM, standard trees",Q3,0.014730447420641578,33.69175958178216
"LightGBM, standard trees",X1,0.019369546533202713,44.59590912725072
"LightGBM, standard trees",X2,0.015239887546690253,34.55681684900496
"XGBoost, 31 leaves",Q2,0.01534223928871903,37.01271809787002
"XGBoost, 31 leaves",Q3,0.014667752973464872,33.52800726403731
"XGBoost, 31 leaves",X1,0.019238917331752065,44.31542853096294
"XGBoost, 31 leaves",X2,0.01519742560233527,34.51336808329587
"XGBoost, depth 6",Q2,0.015505729634103871,37.33750975440577
"XGBoost, depth 6",Q3,0.014807733816614306,33.79329388025662
"XGBoost, depth 6",X1,0.019370562989056858,44.512567811694964
"XGBoost, depth 6",X2,0.015333249547536095,34.7647336159641
Extra-trees (LightGBM),Q2,0.017310299664582248,40.18306311055117
Extra-trees (LightGBM),Q3,0.016422616005597832,36.66493790849987
Extra-trees (LightGBM),X1,0.020661828804022953,46.50166772446626
Extra-trees (LightGBM),X2,0.016995799890530412,37.56115387871745
Random forest (LightGBM),Q2,0.03924278837098582,92.27100992686034
Random forest (LightGBM),Q3,0.037449011837219257,81.90842515285652
Random forest (LightGBM),X1,0.040639713865447194,87.00617143213421
Random forest (LightGBM),X2,0.03690271412776461,83.72561199694202
