fold,model,test_rows,MAE,RMSE,MAPE,MdAPE,Bias%,seconds
Q2: Jan-Apr -> May-Jun,Baseline: rate-card median,clean,149.0345131044312,198.98824414756623,0.06040446804708957,0.05855906426023847,-0.05665208683650335,0.0
Q2: Jan-Apr -> May-Jun,Baseline: rate-card median,all,201.5623212596402,664.6459449074887,0.08158887937318865,0.05922580065874944,-0.043571918141970034,0.0
Q2: Jan-Apr -> May-Jun,Log-linear OLS,clean,55.392387401816165,78.43665959175053,0.022649694735293883,0.01991482522194283,-0.014940426869738949,0.0
Q2: Jan-Apr -> May-Jun,Log-linear OLS,all,109.00465088644268,632.8472215589702,0.04512844985858756,0.020189353395012478,-0.0014242819846245819,0.0
Q2: Jan-Apr -> May-Jun,Log-linear OLS + trend,clean,45.78584601116979,65.76157439440132,0.019201871455018976,0.016288207871726686,-0.005917467626873616,0.0
Q2: Jan-Apr -> May-Jun,Log-linear OLS + trend,all,99.48867164909505,629.7807414140932,0.04191848875116584,0.016528097463988728,0.007714174883557238,0.0
Q2: Jan-Apr -> May-Jun,LightGBM (trend=none),clean,44.7060783648842,70.35378280834779,0.018400795610544047,0.015010202262546731,-0.011843722988322135,3.1
Q2: Jan-Apr -> May-Jun,LightGBM (trend=none),all,98.42599355095392,630.6164651514204,0.04103173839707562,0.015224543331483938,0.0017583180699289407,3.1
Q2: Jan-Apr -> May-Jun,LightGBM (trend=feature),clean,53.305052281187436,82.228322058679,0.022390600464197413,0.017718835522988,-0.01464546105781312,10.1
Q2: Jan-Apr -> May-Jun,LightGBM (trend=feature),all,106.89930035610446,631.5278224781573,0.04495125441217492,0.01797470144673225,-0.0010334779879484972,10.1
Q2: Jan-Apr -> May-Jun,LightGBM (trend=detrend),clean,37.693156396398734,58.83979376393135,0.015397845011992175,0.012437541573828354,-0.001952505943226225,2.8
Q2: Jan-Apr -> May-Jun,LightGBM (trend=detrend),all,91.47083403790833,627.8569709248426,0.038254067197788545,0.012619376102443345,0.011749980318503557,2.8
Q2: Jan-Apr -> May-Jun,LightGBM (trend=detrend) [no label cleaning],clean,66.34756950285885,101.29731084769803,0.02820540701928185,0.02248086966428694,-0.006647035065617061,1.7
Q2: Jan-Apr -> May-Jun,LightGBM (trend=detrend) [no label cleaning],all,119.91817418935005,636.3083131905709,0.050808445886757765,0.02284176752827642,0.006993381549995817,1.7
Q2: Jan-Apr -> May-Jun,LightGBM (trend=hybrid),clean,35.270332264022365,52.34985705632248,0.0151028237853382,0.012356811610611784,0.0016823678191311107,7.6
Q2: Jan-Apr -> May-Jun,LightGBM (trend=hybrid),all,89.05714940583627,626.9530640677098,0.03801990758017592,0.01255489246492412,0.015404910706968878,7.6
Q2: Jan-Apr -> May-Jun,"Hybrid, linear trees (single model)",clean,35.650324866508775,52.65104895490008,0.01423080513679461,0.012229588065004819,-0.006140421534260082,4.1
Q2: Jan-Apr -> May-Jun,"Hybrid, linear trees (single model)",all,89.4694177611643,628.914573429917,0.03695637073111773,0.012378282655777038,0.0074336814553634415,4.1
Q2: Jan-Apr -> May-Jun,FINAL: hybrid linear-tree x5 seeds + lane premium,clean,34.71723327270891,51.511886096292386,0.013850513139878336,0.01174742837952654,-0.006105829942356792,23.8
Q2: Jan-Apr -> May-Jun,FINAL: hybrid linear-tree x5 seeds + lane premium,all,88.55355713955012,628.801441764007,0.03659416679849745,0.011924447543188523,0.007479493187840428,23.8
Q2: Jan-Apr -> May-Jun,Blend: LightGBM (trend=detrend) + LightGBM (trend=feature),clean,42.744546013170904,66.91626662455157,0.017419912949480976,0.014113297606276333,-0.008353458607240447,13.8
Q2: Jan-Apr -> May-Jun,Blend: LightGBM (trend=detrend) + LightGBM (trend=feature),all,96.46631699299864,629.1994093120738,0.04014656147802624,0.014343943324914305,0.005303454839811015,13.8
Q2: Jan-Apr -> May-Jun,Blend: LightGBM (trend=detrend) + Log-linear OLS + trend,clean,36.76845220533954,55.11407197889983,0.015110737117292253,0.012634053001223111,-0.003998978152343804,2.8
Q2: Jan-Apr -> May-Jun,Blend: LightGBM (trend=detrend) + Log-linear OLS + trend,all,90.5729486218289,628.14495767863,0.037923890913538524,0.01282752545858931,0.009667193767653556,2.8
Q3: Jan-Jul -> Aug-Sep,Baseline: rate-card median,clean,76.27949413646645,105.38365511834026,0.034746562954975135,0.029637740860202332,0.004748180415623318,0.0
Q3: Jan-Jul -> Aug-Sep,Baseline: rate-card median,all,126.56562819810709,620.6911422452752,0.057029937923494346,0.03004287823331192,0.017518616889049318,0.0
Q3: Jan-Jul -> Aug-Sep,Log-linear OLS,clean,81.35031389633045,108.16081016759392,0.03555004597218973,0.03378104424845054,-0.0333124094349887,0.0
Q3: Jan-Jul -> Aug-Sep,Log-linear OLS,all,131.56901238377955,624.9348541385186,0.057029643119478966,0.03420414849701567,-0.02095525558277783,0.0
Q3: Jan-Jul -> Aug-Sep,Log-linear OLS + trend,clean,43.40204220871478,62.32867071166176,0.0191738196983122,0.016060152949373,0.0051371179173956664,0.0
Q3: Jan-Jul -> Aug-Sep,Log-linear OLS + trend,all,94.10051872235184,613.1038298191698,0.04173229358121812,0.016300021101814804,0.017971326613507522,0.0
Q3: Jan-Jul -> Aug-Sep,LightGBM (trend=none),clean,63.824675533570044,89.55700020692008,0.03006161547733373,0.023471499738223253,-0.02202804330539383,7.7
Q3: Jan-Jul -> Aug-Sep,LightGBM (trend=none),all,114.1235480204612,618.1203013886287,0.05169427444324024,0.0237936306202573,-0.009717889673011994,7.7
Q3: Jan-Jul -> Aug-Sep,LightGBM (trend=feature),clean,49.12353089040734,72.3743379900521,0.02305010011772034,0.017380001997226002,-0.006218860758979809,5.1
Q3: Jan-Jul -> Aug-Sep,LightGBM (trend=feature),all,99.6079943829816,614.0139139580792,0.04515591415866427,0.017634485032594807,0.006314508434245004,5.1
Q3: Jan-Jul -> Aug-Sep,LightGBM (trend=detrend),clean,64.28201935183716,90.47111931066739,0.028077268197727587,0.024516793605535266,0.015450155913256292,4.9
Q3: Jan-Jul -> Aug-Sep,LightGBM (trend=detrend),all,114.5661696630152,613.4200034918258,0.050621261363151454,0.024814910521407618,0.028278328604389637,4.9
Q3: Jan-Jul -> Aug-Sep,LightGBM (trend=detrend) [no label cleaning],clean,69.77211386323252,96.69677116745959,0.0314078394853459,0.02674560952868701,0.018628952724712575,2.1
Q3: Jan-Jul -> Aug-Sep,LightGBM (trend=detrend) [no label cleaning],all,120.01645289626465,614.3777089128658,0.05402628541554705,0.027163006972884624,0.031540761572808294,2.1
Q3: Jan-Jul -> Aug-Sep,LightGBM (trend=hybrid),clean,37.93408548807354,55.351429920747485,0.01674872423258356,0.013746137108586695,0.004363565006766286,9.2
Q3: Jan-Jul -> Aug-Sep,LightGBM (trend=hybrid),all,88.67595351008751,611.9222940294103,0.039320156524673376,0.01394921845712166,0.01717057500389469,9.2
Q3: Jan-Jul -> Aug-Sep,"Hybrid, linear trees (single model)",clean,32.467738417615244,46.94466581801391,0.013852771926726428,0.011478115227691474,0.0050990348545007416,7.9
Q3: Jan-Jul -> Aug-Sep,"Hybrid, linear trees (single model)",all,83.28585405227139,611.3979316238576,0.03650307010088133,0.011662010923356062,0.01794788350165408,7.9
Q3: Jan-Jul -> Aug-Sep,FINAL: hybrid linear-tree x5 seeds + lane premium,clean,31.821319553673728,46.20136370646056,0.013524071730993051,0.011268350015407325,0.005149117390673756,81.1
Q3: Jan-Jul -> Aug-Sep,FINAL: hybrid linear-tree x5 seeds + lane premium,all,82.64809670808748,611.2937519852463,0.03619090340934785,0.011456736991874716,0.018010710694069277,81.1
Q3: Jan-Jul -> Aug-Sep,Blend: LightGBM (trend=detrend) + LightGBM (trend=feature),clean,48.19359254804134,74.04113079414859,0.02163547643404063,0.015583833801507145,0.004518072217973242,21.7
Q3: Jan-Jul -> Aug-Sep,Blend: LightGBM (trend=detrend) + LightGBM (trend=feature),all,98.69690737245818,612.7278197112546,0.044013014097759005,0.015852020485190747,0.017197461336384102,21.7
Q3: Jan-Jul -> Aug-Sep,Blend: LightGBM (trend=detrend) + Log-linear OLS + trend,clean,45.385912445589305,65.71142478403625,0.019661752909292122,0.016689948883791977,0.010155797758492263,10.5
Q3: Jan-Jul -> Aug-Sep,Blend: LightGBM (trend=detrend) + Log-linear OLS + trend,all,95.99570817566276,611.8838169988763,0.04226505873344149,0.016979150060442635,0.0229847730465988,10.5
X1: Jan-Jun -> Jul-Aug,Baseline: rate-card median,clean,81.54781469033233,113.50671462593976,0.036233779981171256,0.031206611810390875,-0.006233013880235819,0.0
X1: Jan-Jun -> Jul-Aug,Baseline: rate-card median,all,133.1629680840304,630.3481632637155,0.058578308184695886,0.03173018245827185,0.006745373949315752,0.0
X1: Jan-Jun -> Jul-Aug,Log-linear OLS,clean,63.884957203913764,87.2503048210324,0.02766267453196999,0.024921824720589444,-0.022895520867523642,0.0
X1: Jan-Jun -> Jul-Aug,Log-linear OLS,all,115.76909547816004,627.2269043351198,0.049757117522428895,0.02526005272007266,-0.01014753288428151,0.0
X1: Jan-Jun -> Jul-Aug,Log-linear OLS + trend,clean,52.06610249732016,74.51450388887474,0.02270846361010166,0.019358054611641445,0.014478724928077195,0.0
X1: Jan-Jun -> Jul-Aug,Log-linear OLS + trend,all,104.03761244645902,619.8486118012663,0.045734894192589845,0.019659618720371176,0.027741315771716832,0.0
X1: Jan-Jun -> Jul-Aug,LightGBM (trend=none),clean,64.40145704326649,94.00584490141783,0.03033524676429428,0.021302784848845603,-0.018988681046684202,12.4
X1: Jan-Jun -> Jul-Aug,LightGBM (trend=none),all,116.08677600572308,625.4634445819185,0.052224147404837,0.02162905461550484,-0.006465756082068991,12.4
X1: Jan-Jun -> Jul-Aug,LightGBM (trend=feature),clean,54.323369620724634,82.50622197053998,0.024000507789340778,0.017380211405825526,0.0014702559265940057,6.8
X1: Jan-Jun -> Jul-Aug,LightGBM (trend=feature),all,106.15580758204005,621.3439941158189,0.046552889919232704,0.017678218980725198,0.014383161092397784,6.8
X1: Jan-Jun -> Jul-Aug,LightGBM (trend=detrend),clean,71.80817333030271,112.28625142107522,0.02982189793798883,0.02213192234932368,0.01855010786317869,12.0
X1: Jan-Jun -> Jul-Aug,LightGBM (trend=detrend),all,123.34677353796626,622.9139558221689,0.05260012807264376,0.022496039025556323,0.031598385723417825,12.0
X1: Jan-Jun -> Jul-Aug,LightGBM (trend=detrend) [no label cleaning],clean,75.9305939980361,109.36047321759939,0.03391248838390244,0.027520889067781593,0.01987032951255089,4.5
X1: Jan-Jun -> Jul-Aug,LightGBM (trend=detrend) [no label cleaning],all,127.54727805799459,623.6634281904675,0.056845027712288755,0.027954794927309158,0.03309674454254395,4.5
X1: Jan-Jun -> Jul-Aug,LightGBM (trend=hybrid),clean,45.84969234977922,67.20646725729976,0.019573142504307132,0.01616466757313856,0.013317070665224319,17.9
X1: Jan-Jun -> Jul-Aug,LightGBM (trend=hybrid),all,97.88134346945985,618.7852420174546,0.04261110979459344,0.016445433466399588,0.026540768962897775,17.9
X1: Jan-Jun -> Jul-Aug,"Hybrid, linear trees (single model)",clean,43.70720635575957,61.83532391104777,0.01867300548097073,0.016296344925171045,0.01435567038646103,10.4
X1: Jan-Jun -> Jul-Aug,"Hybrid, linear trees (single model)",all,95.78444447865235,618.4140916841704,0.04178476527691288,0.01656411762259593,0.027650014286349014,10.4
X1: Jan-Jun -> Jul-Aug,FINAL: hybrid linear-tree x5 seeds + lane premium,clean,43.23610168611689,61.06956680118132,0.01844574922106512,0.016283319214356176,0.014400298897566787,54.4
X1: Jan-Jun -> Jul-Aug,FINAL: hybrid linear-tree x5 seeds + lane premium,all,95.32618353447786,618.463123774705,0.04155839224383887,0.016494632699378946,0.02769023000604245,54.4
X1: Jan-Jun -> Jul-Aug,Blend: LightGBM (trend=detrend) + LightGBM (trend=feature),clean,59.92381454918012,93.77057553029667,0.025535294037450657,0.018371418615022422,0.00995399783471982,17.0
X1: Jan-Jun -> Jul-Aug,Blend: LightGBM (trend=detrend) + LightGBM (trend=feature),all,111.65270676390755,621.4052464270582,0.04821854640337032,0.018675146684734627,0.02293417479042617,17.0
X1: Jan-Jun -> Jul-Aug,Blend: LightGBM (trend=detrend) + Log-linear OLS + trend,clean,56.19149303625821,84.43472478676883,0.023448841663606473,0.01902482244896867,0.016373669502518683,11.8
X1: Jan-Jun -> Jul-Aug,Blend: LightGBM (trend=detrend) + Log-linear OLS + trend,all,108.02564466125564,619.8330754878324,0.046386666390276526,0.019334236079723812,0.029527022512665424,11.8
X2: Jan-Aug -> Sep-Oct,Baseline: rate-card median,clean,77.15173927246155,105.80867851267254,0.034781811316960586,0.030204925214701854,-0.007222037326966192,0.0
X2: Jan-Aug -> Sep-Oct,Baseline: rate-card median,all,132.86216292078672,638.335118217436,0.05992674769797212,0.030768891613969847,0.0077499955654343824,0.0
X2: Jan-Aug -> Sep-Oct,Log-linear OLS,clean,91.32494219629378,118.85323715886564,0.039447552953542846,0.0385137891231095,-0.03802762636102719,0.0
X2: Jan-Aug -> Sep-Oct,Log-linear OLS,all,146.69731808607528,644.6174688549905,0.06352851275460498,0.03899041593664703,-0.023706825610099697,0.0
X2: Jan-Aug -> Sep-Oct,Log-linear OLS + trend,clean,44.526394481164395,63.04269384144723,0.01975143624956175,0.016599313598022133,-0.005342292109605036,0.0
X2: Jan-Aug -> Sep-Oct,Log-linear OLS + trend,all,100.54737193860078,631.4525880927345,0.044969374123149684,0.016841524923601345,0.009471276987676093,0.1
X2: Jan-Aug -> Sep-Oct,LightGBM (trend=none),clean,71.7167030509945,100.29246698256254,0.029450187594529383,0.02727498691741286,-0.02732795435132709,5.5
X2: Jan-Aug -> Sep-Oct,LightGBM (trend=none),all,127.33851715582307,639.7836833892434,0.05388475940865479,0.02769663816208105,-0.012918827916032603,5.5
X2: Jan-Aug -> Sep-Oct,LightGBM (trend=feature),clean,45.70991166818497,66.78579484384784,0.01934039079234496,0.016532457815047547,-0.013257905883886558,2.9
X2: Jan-Aug -> Sep-Oct,LightGBM (trend=feature),all,101.71192956845034,633.2862534689581,0.04427615140167921,0.016832559997711702,0.0013503553790798876,2.9
X2: Jan-Aug -> Sep-Oct,LightGBM (trend=detrend),clean,34.607946658689336,50.079899948534816,0.015543321417977303,0.012769755061888594,0.001272916397411092,2.4
X2: Jan-Aug -> Sep-Oct,LightGBM (trend=detrend),all,90.74282114863678,629.1150259532543,0.040929745597073096,0.012971860852181619,0.016121534014161984,2.4
X2: Jan-Aug -> Sep-Oct,LightGBM (trend=detrend) [no label cleaning],clean,49.47035406375989,72.2176848530755,0.02196830513643923,0.018026154876216616,0.00288310400232128,2.3
X2: Jan-Aug -> Sep-Oct,LightGBM (trend=detrend) [no label cleaning],all,105.3616672831842,630.7557991272115,0.04732467211378156,0.018284968987037464,0.017782806461065233,2.3
X2: Jan-Aug -> Sep-Oct,LightGBM (trend=hybrid),clean,33.43155679183042,47.65765849578282,0.014936585495860409,0.01245384829438681,-0.0052280934940589635,5.2
X2: Jan-Aug -> Sep-Oct,LightGBM (trend=hybrid),all,89.55740775122935,629.2197204120246,0.04015082558200795,0.012703616828605827,0.009513630770291536,5.2
X2: Jan-Aug -> Sep-Oct,"Hybrid, linear trees (single model)",clean,33.458144053613786,47.717592428599424,0.014461670943589949,0.012315229788456741,-0.005666251660328458,6.8
X2: Jan-Aug -> Sep-Oct,"Hybrid, linear trees (single model)",all,89.59147140387479,629.3471522251322,0.03967536082844583,0.012517607403843401,0.009072425488950216,6.8
X2: Jan-Aug -> Sep-Oct,FINAL: hybrid linear-tree x5 seeds + lane premium,clean,32.792593311609224,46.71055442993497,0.014188319365754562,0.012220564348568639,-0.005662441064496443,41.1
X2: Jan-Aug -> Sep-Oct,FINAL: hybrid linear-tree x5 seeds + lane premium,all,88.9205992739481,629.0516882083613,0.03940266503027987,0.012418956310110928,0.00907749181282373,41.1
X2: Jan-Aug -> Sep-Oct,Blend: LightGBM (trend=detrend) + LightGBM (trend=feature),clean,36.6729542410337,54.15332467398039,0.016047049623158727,0.01339146685909053,-0.006027056384511851,4.9
X2: Jan-Aug -> Sep-Oct,Blend: LightGBM (trend=detrend) + LightGBM (trend=feature),all,92.79422731177762,630.7738547338249,0.04122834821748171,0.013627532229819349,0.008700861589540386,4.9
X2: Jan-Aug -> Sep-Oct,Blend: LightGBM (trend=detrend) + Log-linear OLS + trend,clean,36.073715209692566,52.029294969226626,0.01571990312199892,0.013280187603324684,-0.002093353553580812,2.2
X2: Jan-Aug -> Sep-Oct,Blend: LightGBM (trend=detrend) + Log-linear OLS + trend,all,92.20443323359552,629.8669645729858,0.04104985169646154,0.013449946358451927,0.01273702539722544,2.2
