load_id,date,pickup,delivery,equipment,distance,posted_rate,rate_ratio
TR-000051,2025-01-01,Los Angeles,Green Bay,Reefer,2202.5,1243.45,0.2809372222710185
TR-000191,2025-01-02,Tampa,Milwaukee,Dry Van,919.8,704.89,0.3987463773250895
TR-000295,2025-01-02,Greensboro,Syracuse,Dry Van,685.6,518.31,0.37623169779050786
TR-000389,2025-01-03,Corpus Christi,Chattanooga,Flatbed,823.0,5485.49,3.1247790155073507
TR-000440,2025-01-03,Richmond,Charleston,Dry Van,394.9,276.27,0.31552726762439826
TR-000470,2025-01-04,Phoenix,Jacksonville,Dry Van,2154.3,10854.69,2.8542541916521253
TR-000509,2025-01-04,Las Vegas,Grand Rapids,Flatbed,1976.4,699.41,0.18222100538762528
TR-000786,2025-01-06,Kansas City,Charleston,Dry Van,861.5,4587.83,2.7063480122475725
TR-000871,2025-01-06,Tulsa,Baton Rouge,Reefer,305.6,4069.24,5.091357049750901
TR-000873,2025-01-06,Cincinnati,Lexington,Dry Van,144.0,67.8,0.18818889314966128
TR-001028,2025-01-07,Dallas,Fort Wayne,Dry Van,970.6,473.34,0.2522986604358571
TR-001150,2025-01-08,Houston,Baton Rouge,Flatbed,170.3,1359.6,2.9635354144601753
TR-001161,2025-01-08,Tucson,Oklahoma City,Reefer,1012.6,659.89,0.298230237468024
TR-001176,2025-01-08,Tucson,Phoenix,Dry Van,260.5,1609.22,2.638836527656383
TR-001330,2025-01-09,Harrisburg,Tulsa,Dry Van,1190.5,7100.73,3.1138041478804155
TR-001352,2025-01-09,Tulsa,Tucson,Dry Van,1260.0,882.08,0.365472852888274
TR-001416,2025-01-09,Montgomery,Birmingham,Reefer,198.2,2509.96,4.490987012906581
TR-001418,2025-01-09,Dallas,Atlanta,Flatbed,613.6,4485.75,3.2914197151837747
TR-001467,2025-01-10,Los Angeles,Syracuse,Reefer,2786.0,24140.21,4.556411830001283
TR-001490,2025-01-10,Chattanooga,Houston,Dry Van,647.0,438.53,0.3373118757046722
TR-001556,2025-01-10,El Paso,New York,Dry Van,2415.0,911.44,0.2165390210436138
TR-001629,2025-01-11,Oklahoma City,Greensboro,Dry Van,1121.4,796.19,0.3737147895731177
TR-001747,2025-01-11,Columbia,Houston,Flatbed,882.9,6394.62,3.4904537542748524
TR-001948,2025-01-13,Baton Rouge,Buffalo,Flatbed,1305.0,1025.04,0.3911305254109073
TR-001950,2025-01-13,Hartford,Reno,Reefer,2794.2,13918.0,2.619282750776916
TR-002031,2025-01-13,Tucson,Houston,Dry Van,1247.6,10270.54,4.297695143216559
TR-002041,2025-01-13,Mobile,Dayton,Flatbed,677.3,550.66,0.3779804317548413
TR-002048,2025-01-13,Mobile,Harrisburg,Dry Van,927.5,5623.85,3.1549219276052356
TR-002073,2025-01-13,Memphis,Chattanooga,Flatbed,159.5,1572.38,3.659404663978287
TR-002203,2025-01-14,Raleigh,Las Vegas,Dry Van,2554.1,1347.3,0.30265763383614214
TR-002219,2025-01-14,Columbia,Tulsa,Flatbed,795.6,4773.73,2.8129809715943352
TR-002222,2025-01-14,Boston,Jacksonville,Flatbed,1166.1,11210.34,4.675967702101314
TR-002224,2025-01-14,Albuquerque,Indianapolis,Dry Van,1344.4,12100.18,4.7717169357057445
TR-002269,2025-01-15,Atlanta,Providence,Reefer,1137.6,543.71,0.2213383614965579
TR-002470,2025-01-16,Tucson,Albuquerque,Flatbed,441.5,4989.66,4.891094929927808
TR-002512,2025-01-16,Buffalo,San Antonio,Flatbed,1644.3,596.04,0.18175868654144375
TR-002515,2025-01-16,Little Rock,Buffalo,Dry Van,1006.5,9313.19,4.78703617209378
TR-002663,2025-01-17,Grand Rapids,Reno,Dry Van,1951.9,10436.26,2.963750770197553
TR-002769,2025-01-18,Amarillo,Las Vegas,Reefer,742.2,4491.82,2.717725779731896
TR-002786,2025-01-18,Milwaukee,Richmond,Dry Van,748.1,3582.08,2.408314253506387
TR-002804,2025-01-18,Oklahoma City,Birmingham,Dry Van,824.1,3930.74,2.423963138570564
TR-002841,2025-01-18,Tampa,Chattanooga,Dry Van,568.4,472.64,0.4038660476639164
TR-002869,2025-01-18,Green Bay,Milwaukee,Flatbed,385.9,2940.51,3.2196155490767846
TR-002890,2025-01-19,Tucson,Amarillo,Dry Van,622.6,498.79,0.38910746385171024
TR-002976,2025-01-19,Green Bay,Syracuse,Dry Van,641.6,3937.32,3.054027623661553
TR-003029,2025-01-20,Harrisburg,Oklahoma City,Reefer,1489.5,7679.26,2.47391689569817
TR-003171,2025-01-20,Providence,Memphis,Dry Van,1316.8,579.12,0.23316324536233582
TR-003187,2025-01-21,El Paso,Fort Wayne,Reefer,1684.4,12854.51,3.6971091348331244
TR-003253,2025-01-21,Cincinnati,Syracuse,Flatbed,768.2,528.37,0.32211560704467135
TR-003295,2025-01-21,Columbia,Louisville,Reefer,379.0,286.44,0.3063676667454357
TR-003354,2025-01-22,Phoenix,Charleston,Reefer,2527.9,22534.65,4.522987782868644
TR-003527,2025-01-23,Buffalo,Louisville,Flatbed,660.4,366.62,0.2580928363725488
TR-003533,2025-01-23,Jacksonville,Little Rock,Dry Van,569.1,376.8,0.3215757183354281
TR-003563,2025-01-23,Corpus Christi,Raleigh,Flatbed,1367.0,726.74,0.2647292686795253
TR-003583,2025-01-23,Hartford,Greensboro,Reefer,730.7,535.63,0.32917741125815053
TR-003683,2025-01-24,Richmond,Montgomery,Dry Van,835.3,439.13,0.2671666429787467
TR-003687,2025-01-24,San Antonio,Charleston,Reefer,1355.4,895.28,0.314768102758694
TR-003756,2025-01-24,Boston,Amarillo,Reefer,2313.7,1209.46,0.2652277435553453
TR-003826,2025-01-25,Washington,St. Louis,Reefer,812.7,589.73,0.32807237975261627
TR-003880,2025-01-25,Toledo,Madison,Dry Van,343.2,3402.85,4.471835599629524
TR-003896,2025-01-25,Shreveport,Mobile,Dry Van,303.5,256.13,0.3605010610610024
TR-003909,2025-01-25,Green Bay,Lubbock,Dry Van,1389.2,8339.05,3.182461430702391
TR-003996,2025-01-26,Bakersfield,Jacksonville,Reefer,2185.6,1220.91,0.27797762712724033
TR-004035,2025-01-26,Memphis,Atlanta,Dry Van,249.7,1518.51,2.5977892011988417
TR-004042,2025-01-26,Tucson,Baton Rouge,Flatbed,1410.7,9275.66,3.274172561949114
TR-004076,2025-01-26,Indianapolis,New Orleans,Reefer,558.3,450.2,0.34857702886726755
TR-004159,2025-01-27,Shreveport,Tampa,Dry Van,502.6,272.58,0.25866265793144283
TR-004268,2025-01-27,Corpus Christi,Milwaukee,Reefer,1031.1,714.71,0.31721018417096786
TR-004315,2025-01-28,Harrisburg,Savannah,Dry Van,568.4,3589.02,3.0667808953680376
TR-004319,2025-01-28,Columbia,Richmond,Dry Van,508.8,319.87,0.29983935894076774
TR-004389,2025-01-28,Little Rock,Richmond,Dry Van,1068.0,8552.48,4.2150713732962135
TR-004420,2025-01-28,San Antonio,Columbia,Dry Van,1134.3,5271.0,2.445959166011321
TR-004486,2025-01-29,Chattanooga,Memphis,Reefer,168.9,1201.66,2.5230775788047666
TR-004490,2025-01-29,Dayton,Harrisburg,Dry Van,476.7,5048.45,5.050974086426481
TR-004543,2025-01-29,Phoenix,Tucson,Reefer,262.9,181.56,0.2640603457191089
TR-004658,2025-01-30,Baltimore,Reno,Dry Van,2884.1,17688.63,3.5865164055808565
TR-004675,2025-01-30,Hartford,Baltimore,Reefer,149.3,75.19,0.17859896016410834
TR-004744,2025-01-30,Phoenix,Jacksonville,Reefer,2212.4,14536.22,3.269525372157385
TR-004764,2025-01-31,Grand Rapids,Baton Rouge,Reefer,1113.4,553.77,0.23033352864807727
TR-004780,2025-01-31,Greensboro,Little Rock,Reefer,650.5,5256.86,3.552195144070307
TR-004795,2025-01-31,Buffalo,Corpus Christi,Flatbed,1522.6,617.89,0.20348207962626066
TR-004987,2025-02-01,Richmond,Raleigh,Reefer,256.2,145.34,0.21702459015401607
TR-004991,2025-02-01,Milwaukee,Richmond,Dry Van,756.5,609.22,0.4002277490964122
TR-005051,2025-02-01,Raleigh,Reno,Reefer,2642.3,1020.7,0.19804480312557984
TR-005135,2025-02-02,Washington,Richmond,Flatbed,88.2,809.86,3.2731958662049876
TR-005194,2025-02-02,Albany,Lexington,Dry Van,1058.4,9080.04,4.439150762923919
TR-005263,2025-02-03,San Antonio,Boston,Dry Van,2059.5,1261.24,0.34000682029481677
TR-005449,2025-02-04,Madison,Jacksonville,Dry Van,864.8,654.0,0.38292426189048556
TR-005524,2025-02-04,Lexington,Richmond,Flatbed,574.8,4790.22,3.7161998337330466
TR-005546,2025-02-04,Bakersfield,Baton Rouge,Dry Van,1628.9,7772.01,2.546559177093361
TR-005683,2025-02-05,Savannah,Reno,Flatbed,2323.1,908.76,0.20446314876908453
TR-005727,2025-02-05,Albany,Milwaukee,Dry Van,1078.0,6494.7,3.1174701129429283
TR-005828,2025-02-06,Charleston,Atlanta,Dry Van,464.9,2899.13,2.8320547599786834
TR-005901,2025-02-07,Lexington,Richmond,Dry Van,572.2,456.05,0.3826394812534705
TR-005913,2025-02-07,Nashville,Milwaukee,Dry Van,359.9,214.55,0.267108301910812
TR-005962,2025-02-07,Grand Rapids,Green Bay,Dry Van,105.5,57.22,0.21410355900725667
TR-006035,2025-02-07,Savannah,Dayton,Flatbed,582.3,432.56,0.33125308058089203
TR-006079,2025-02-08,Cincinnati,Lexington,Reefer,150.4,1550.14,3.5360834365368294
TR-006123,2025-02-08,Nashville,Dallas,Dry Van,538.0,2907.97,2.5364749393989454
TR-006169,2025-02-08,Raleigh,Columbia,Reefer,401.5,2220.18,2.1935210710139734
TR-006360,2025-02-09,Houston,Baton Rouge,Reefer,178.3,223.44,0.4299411331450318
TR-006378,2025-02-10,Oklahoma City,Memphis,Dry Van,681.2,4241.97,3.039986755248013
TR-006708,2025-02-12,Kansas City,Syracuse,Dry Van,921.6,8091.49,4.445666213456226
TR-006756,2025-02-12,Philadelphia,Dallas,Flatbed,1502.6,9457.25,3.1175319680154208
TR-006796,2025-02-12,Charleston,Greensboro,Flatbed,270.3,217.4,0.31707926091007593
TR-006808,2025-02-12,Milwaukee,New York,Dry Van,948.4,5927.63,3.1647569229788597
TR-006809,2025-02-12,Hartford,Savannah,Dry Van,782.2,4887.74,3.105505199387179
TR-006852,2025-02-13,Memphis,Mobile,Flatbed,343.7,2886.92,3.4572037030045344
TR-006877,2025-02-13,Cincinnati,St. Louis,Dry Van,231.2,2058.1,3.5140435190229846
TR-006880,2025-02-13,Jacksonville,Detroit,Flatbed,953.4,829.81,0.4145142224702127
TR-006982,2025-02-14,Fresno,Montgomery,Flatbed,2255.6,9825.71,2.2768562008344437
TR-007040,2025-02-14,Boston,Harrisburg,Flatbed,538.6,277.63,0.2258380464778093
TR-007196,2025-02-15,Madison,Dayton,Reefer,305.9,332.21,0.41546662160744263
TR-007209,2025-02-15,Oklahoma City,Mobile,Dry Van,737.7,561.78,0.3784673913717301
TR-007242,2025-02-15,Montgomery,Albany,Flatbed,1403.3,10945.08,3.8277503184562054
TR-007297,2025-02-16,Atlanta,San Antonio,Dry Van,879.2,6369.91,3.6685668163003164
TR-007332,2025-02-16,Lubbock,Toledo,Reefer,1387.1,961.66,0.321163917858969
TR-007361,2025-02-16,Corpus Christi,Philadelphia,Flatbed,1739.9,10115.44,2.9418696225049525
TR-007376,2025-02-16,Tampa,Fresno,Flatbed,2266.3,1206.18,0.278181644976947
TR-007423,2025-02-16,Tampa,Buffalo,Flatbed,1197.2,605.11,0.2447141393317991
TR-007455,2025-02-17,Richmond,Nashville,Dry Van,794.0,5737.51,3.6200736882709244
TR-007458,2025-02-17,Shreveport,Houston,Dry Van,246.2,2171.46,3.745541188940006
TR-007534,2025-02-17,New Orleans,Buffalo,Flatbed,1156.4,10537.71,4.411940031647128
TR-007633,2025-02-18,Syracuse,Jacksonville,Dry Van,1003.7,6646.55,3.3962613899648852
TR-007691,2025-02-18,Syracuse,Los Angeles,Dry Van,2810.2,1816.76,0.37423163067226506
TR-007772,2025-02-19,Oklahoma City,Mobile,Dry Van,703.0,497.44,0.34543323328441367
TR-007842,2025-02-19,Raleigh,Greensboro,Reefer,353.0,4368.67,4.909233724775712
TR-007954,2025-02-20,Philadelphia,Syracuse,Reefer,394.2,294.78,0.2966337545224265
TR-007985,2025-02-20,Kansas City,Los Angeles,Dry Van,1878.5,1268.13,0.3710080706208582
TR-008052,2025-02-21,Chattanooga,Kansas City,Reefer,418.6,236.63,0.22870276785354307
TR-008056,2025-02-21,Chattanooga,Milwaukee,Reefer,361.9,3093.85,3.3911722120125924
TR-008156,2025-02-21,Chattanooga,Grand Rapids,Reefer,658.9,383.23,0.25144769431780367
TR-008204,2025-02-22,Los Angeles,Philadelphia,Flatbed,2994.6,2134.82,0.38294017526233654
TR-008622,2025-02-24,Nashville,Syracuse,Reefer,929.7,8453.3,4.086999096702206
TR-009066,2025-02-27,Grand Rapids,Fort Wayne,Reefer,191.9,1427.64,2.552367171635488
TR-009123,2025-02-28,Memphis,Dallas,Reefer,453.8,310.39,0.27672224366941317
TR-009138,2025-02-28,Fort Wayne,Toledo,Reefer,105.0,76.54,0.2500912953814454
TR-009156,2025-02-28,Green Bay,Shreveport,Dry Van,1021.4,7214.86,3.6227704000101775
TR-009387,2025-03-01,Los Angeles,Las Vegas,Flatbed,402.5,3915.85,3.7868222100113123
TR-009429,2025-03-02,Louisville,Shreveport,Flatbed,510.2,3587.96,2.8892177101968097
TR-009527,2025-03-02,Harrisburg,Kansas City,Dry Van,800.6,5417.77,3.2761449634999074
TR-009675,2025-03-03,Green Bay,Washington,Flatbed,759.0,646.48,0.3728037965521821
TR-009695,2025-03-03,Boston,Louisville,Dry Van,1206.3,5417.5,2.2779437172349617
TR-009716,2025-03-03,Grand Rapids,Columbia,Dry Van,737.1,308.14,0.2008491704405944
TR-009766,2025-03-04,Chattanooga,Phoenix,Reefer,1985.4,10036.5,2.344904714903919
TR-009807,2025-03-04,Indianapolis,Richmond,Dry Van,801.8,602.49,0.3637826003984466
TR-009833,2025-03-04,El Paso,Shreveport,Dry Van,1252.3,12422.22,5.031416076785441
TR-009877,2025-03-04,Richmond,Savannah,Dry Van,518.6,4109.58,3.599319050621459
TR-009978,2025-03-05,Reno,Oklahoma City,Flatbed,1481.2,1105.27,0.34693993287531777
TR-009984,2025-03-05,Amarillo,Atlanta,Dry Van,1250.7,1010.15,0.4096680697664801
TR-009990,2025-03-05,Nashville,Albany,Dry Van,1279.0,7768.03,3.120277462956132
TR-010000,2025-03-05,Grand Rapids,Boston,Reefer,1069.1,10769.23,4.430220951293813
TR-010058,2025-03-05,Grand Rapids,Baltimore,Reefer,927.2,475.9,0.2215947624092137
TR-010122,2025-03-06,Kansas City,Fort Wayne,Dry Van,385.1,253.42,0.2865811657627554
TR-010174,2025-03-06,Chattanooga,Mobile,Flatbed,307.9,3624.74,4.436432807033103
TR-010186,2025-03-06,Austin,Columbia,Dry Van,1201.7,5426.96,2.2906564373394196
TR-010384,2025-03-07,New Orleans,Houston,Dry Van,242.8,1895.79,3.191870854661823
TR-010386,2025-03-07,Philadelphia,Tucson,Dry Van,2725.3,1294.91,0.26616016926792446
TR-010387,2025-03-07,Mobile,Amarillo,Dry Van,1125.8,11247.8,4.9722648202333595
TR-010594,2025-03-09,Mobile,Syracuse,Reefer,1133.5,924.04,0.3585323195193438
TR-010600,2025-03-09,Greensboro,Charleston,Dry Van,284.9,126.54,0.18156793167818716
TR-010636,2025-03-09,Tucson,Phoenix,Dry Van,275.1,201.35,0.2992022182621555
TR-010863,2025-03-10,Toledo,Albuquerque,Reefer,1642.3,690.15,0.19232743615886944
TR-010898,2025-03-11,Kansas City,Atlanta,Dry Van,491.8,464.41,0.428912256426889
TR-010916,2025-03-11,San Francisco,Tucson,Flatbed,682.8,4776.34,3.0297225189429926
TR-010955,2025-03-11,Green Bay,Houston,Dry Van,1167.0,10168.3,4.419538201175625
TR-010958,2025-03-11,Houston,Bakersfield,Dry Van,1473.0,1040.33,0.3658229072550806
TR-010960,2025-03-11,Lubbock,San Antonio,Reefer,122.6,94.72,0.2631870564661178
TR-011094,2025-03-12,Syracuse,Phoenix,Reefer,2778.7,1669.29,0.2940486229717403
TR-011237,2025-03-13,Columbia,Lexington,Dry Van,228.3,103.15,0.17197769043071504
TR-011344,2025-03-13,San Antonio,Columbia,Dry Van,1111.0,5316.68,2.3816304409526086
TR-011363,2025-03-14,Providence,New York,Dry Van,361.0,3760.75,4.5367781150721616
TR-011364,2025-03-14,Savannah,Charleston,Dry Van,190.5,148.72,0.29715509992666245
TR-011398,2025-03-14,Columbia,San Antonio,Dry Van,1166.2,917.22,0.3989329203048664
TR-011425,2025-03-14,Oklahoma City,Houston,Reefer,295.6,2353.6,2.8904244448062584
TR-011484,2025-03-14,Baton Rouge,Dallas,Dry Van,168.4,1280.51,2.8943408802562045
TR-011493,2025-03-14,Philadelphia,Raleigh,Dry Van,439.4,4081.58,4.124424724766686
TR-011512,2025-03-14,Detroit,Richmond,Dry Van,650.4,556.26,0.40468099506976957
TR-011577,2025-03-15,Richmond,Indianapolis,Dry Van,772.2,468.29,0.29136237048952734
TR-011598,2025-03-15,Shreveport,Philadelphia,Dry Van,1367.4,592.81,0.2227269706239076
TR-011671,2025-03-15,Detroit,Fort Wayne,Dry Van,221.1,1872.01,3.2227618447176805
TR-011714,2025-03-16,Fort Wayne,Oklahoma City,Reefer,1151.3,12454.19,4.776039901588021
TR-011921,2025-03-17,Buffalo,Syracuse,Reefer,151.3,1472.66,3.3157125297354786
TR-011935,2025-03-17,Corpus Christi,Columbia,Reefer,977.9,7177.73,3.1912361446971462
TR-011959,2025-03-17,Madison,Chattanooga,Reefer,549.5,404.58,0.29363332409489795
TR-012059,2025-03-18,Cincinnati,Los Angeles,Reefer,2151.7,885.88,0.1983193889354937
TR-012185,2025-03-19,Bakersfield,Hartford,Dry Van,2829.8,25533.0,5.054333545894489
TR-012214,2025-03-19,Green Bay,Atlanta,Dry Van,775.0,4946.86,3.066735301642667
TR-012268,2025-03-19,Dayton,Columbia,Reefer,466.7,2855.19,2.35524116314573
TR-012307,2025-03-19,Boston,Milwaukee,Reefer,1194.5,1067.6,0.3946057189943858
TR-012448,2025-03-20,Washington,Kansas City,Dry Van,867.4,452.04,0.25715982864415776
TR-012517,2025-03-21,San Antonio,Phoenix,Reefer,1240.8,777.32,0.27659162212472876
TR-012547,2025-03-21,Milwaukee,Albany,Reefer,1148.9,689.02,0.26375983509673484
TR-012737,2025-03-22,Mobile,Richmond,Dry Van,952.2,692.79,0.3590203883893895
TR-012923,2025-03-23,Charleston,Green Bay,Dry Van,959.1,656.75,0.34133396421046663
TR-012925,2025-03-23,Madison,Grand Rapids,Reefer,257.1,140.36,0.1981867786798841
TR-012955,2025-03-24,Greensboro,Baton Rouge,Dry Van,810.6,569.32,0.3400227482733006
TR-013064,2025-03-24,Dallas,Toledo,Dry Van,1040.3,8549.6,4.090111125587693
TR-013077,2025-03-24,New York,Tulsa,Reefer,1466.9,1246.04,0.38876012971238677
TR-013198,2025-03-25,Bakersfield,Cincinnati,Flatbed,1999.4,1028.16,0.24747572245909577
TR-013419,2025-03-26,Columbia,Baton Rouge,Flatbed,711.6,5689.54,3.462919124581951
TR-013512,2025-03-27,Lexington,Baton Rouge,Reefer,751.2,6621.13,3.7238316431325074
TR-013848,2025-03-29,Phoenix,Baltimore,Dry Van,3127.2,16386.16,2.9352110198538632
TR-013876,2025-03-29,Columbia,Hartford,Dry Van,833.4,415.91,0.24160393224165516
TR-013980,2025-03-30,Columbia,Kansas City,Reefer,652.7,411.96,0.2671519690834484
TR-014084,2025-03-30,Oklahoma City,Baton Rouge,Dry Van,425.6,4285.27,4.470660513235886
TR-014103,2025-03-30,Buffalo,Bakersfield,Dry Van,2536.4,846.42,0.1826777343220823
TR-014113,2025-03-31,Reno,Oklahoma City,Dry Van,1459.0,6302.61,2.237523800280705
TR-014177,2025-03-31,Hartford,Memphis,Dry Van,1159.1,8401.52,3.67651512543905
TR-014315,2025-04-01,Mobile,Harrisburg,Flatbed,923.1,8631.33,4.254699968604112
TR-014612,2025-04-02,Cincinnati,Corpus Christi,Dry Van,931.7,7648.0,3.9947774586001548
TR-014758,2025-04-03,Savannah,Greensboro,Dry Van,221.1,178.71,0.30397415252859883
TR-014786,2025-04-03,Dallas,St. Louis,Flatbed,617.9,7106.91,4.921135658589107
TR-014991,2025-04-05,Los Angeles,Phoenix,Reefer,93.9,63.36,0.22898030072465297
TR-015021,2025-04-05,Syracuse,Richmond,Reefer,382.8,242.29,0.24382109773165092
TR-015037,2025-04-05,Mobile,Savannah,Dry Van,439.5,2524.43,2.519959440148391
TR-015156,2025-04-06,El Paso,Detroit,Dry Van,1866.5,731.82,0.20661036484487313
TR-015253,2025-04-06,Atlanta,Montgomery,Reefer,309.2,286.08,0.3368211071778482
TR-015395,2025-04-07,Richmond,Louisville,Flatbed,685.5,328.37,0.20918099380918334
TR-015478,2025-04-08,Columbia,Washington,Dry Van,542.8,3839.88,3.1818517667639314
TR-015538,2025-04-08,Tulsa,Lubbock,Dry Van,460.6,3271.83,3.1164193629072354
TR-015559,2025-04-08,Albany,Richmond,Reefer,606.3,312.19,0.21083992769794707
TR-015612,2025-04-08,Tucson,Lubbock,Dry Van,960.0,702.61,0.3597502554008109
TR-015749,2025-04-09,Lexington,Phoenix,Dry Van,2205.5,1006.74,0.24207796242040386
TR-015897,2025-04-10,New Orleans,Baton Rouge,Dry Van,174.5,1441.44,3.106545238816551
TR-015954,2025-04-11,Montgomery,Raleigh,Dry Van,675.2,4874.66,3.3923330502695914
TR-015989,2025-04-11,Fort Wayne,Lexington,Flatbed,369.3,314.73,0.34357295502169877
TR-016041,2025-04-11,Las Vegas,Mobile,Dry Van,1826.7,1193.79,0.3373191340627556
TR-016104,2025-04-12,Mobile,Memphis,Dry Van,327.2,3678.14,4.581632178207822
TR-016128,2025-04-12,Albuquerque,Atlanta,Dry Van,1580.8,927.08,0.29654220285645844
TR-016265,2025-04-13,Albany,Baton Rouge,Dry Van,1714.3,11408.87,3.4350738262879563
TR-016400,2025-04-14,Salt Lake City,Hartford,Flatbed,2618.1,1211.76,0.2380438597399943
TR-016644,2025-04-15,Toledo,Jacksonville,Reefer,789.6,570.06,0.30960413064940523
TR-016709,2025-04-16,Lexington,Cincinnati,Dry Van,124.7,1179.06,3.5558709952014085
TR-016760,2025-04-16,Baton Rouge,Oklahoma City,Reefer,433.0,246.8,0.2214881642387472
TR-016926,2025-04-17,Lexington,Phoenix,Dry Van,2189.0,1741.73,0.4219685307062621
TR-017014,2025-04-17,Baton Rouge,Salt Lake City,Dry Van,1448.3,11311.81,3.9492970033405452
TR-017024,2025-04-17,Indianapolis,Amarillo,Reefer,1100.7,866.41,0.3486694902268894
TR-017071,2025-04-18,Toledo,Dayton,Flatbed,201.5,2609.34,4.545600842186776
TR-017081,2025-04-18,Grand Rapids,Memphis,Dry Van,669.5,318.08,0.22324018246977848
TR-017208,2025-04-19,San Antonio,Memphis,Dry Van,782.8,4002.84,2.4333379690729524
TR-017372,2025-04-20,Reno,Philadelphia,Reefer,2777.6,23662.71,4.194638225015871
TR-017385,2025-04-20,Fresno,Memphis,Flatbed,2015.3,13847.57,3.333648141367405
TR-017603,2025-04-21,Fort Wayne,Philadelphia,Flatbed,807.7,328.89,0.1785504367784764
TR-017709,2025-04-22,Mobile,Bakersfield,Flatbed,1946.7,12750.46,3.177698720651704
TR-017764,2025-04-22,Greensboro,Phoenix,Reefer,2295.4,16841.6,3.509091744899484
TR-017795,2025-04-22,Richmond,Albany,Dry Van,590.0,3600.02,2.801917841698036
TR-017815,2025-04-22,Charleston,Kansas City,Dry Van,855.0,409.48,0.2297304833264351
TR-017824,2025-04-22,Memphis,Toledo,Dry Van,621.3,332.23,0.24555002766523867
TR-017835,2025-04-22,Kansas City,Milwaukee,Dry Van,179.4,1663.0,3.486152286647573
TR-017929,2025-04-23,Buffalo,Lexington,Dry Van,563.2,4004.08,3.264694853571392
TR-017964,2025-04-23,Greensboro,Milwaukee,Dry Van,480.1,5404.31,5.063032051910169
TR-017982,2025-04-23,Richmond,Phoenix,Flatbed,2738.2,2035.77,0.3823755773679053
TR-017987,2025-04-23,San Antonio,Columbia,Reefer,1146.3,968.87,0.3743920975195702
TR-018016,2025-04-24,Green Bay,Richmond,Dry Van,851.0,6489.53,3.657932867249183
TR-018071,2025-04-24,Madison,Memphis,Reefer,514.6,254.8,0.1996891108145695
TR-018109,2025-04-24,Lexington,Green Bay,Dry Van,620.2,6602.57,4.888591487292052
TR-018163,2025-04-25,Mobile,Phoenix,Reefer,1912.9,1282.13,0.3120207415324473
TR-018271,2025-04-25,El Paso,Columbia,Dry Van,1825.3,8708.21,2.4624924561280563
TR-018296,2025-04-25,Reno,Savannah,Dry Van,2396.8,1535.71,0.34606690869269874
TR-018417,2025-04-26,Reno,Phoenix,Dry Van,883.1,426.62,0.23509973166539222
TR-018418,2025-04-26,Providence,Phoenix,Flatbed,3110.8,14934.48,2.469133757424148
TR-018560,2025-04-27,Dayton,Baton Rouge,Dry Van,880.2,342.22,0.18921032407460803
TR-018570,2025-04-27,Little Rock,Nashville,Reefer,296.1,1972.95,2.425654595844279
TR-018720,2025-04-28,Atlanta,Richmond,Dry Van,676.8,354.14,0.2458675538203912
TR-018740,2025-04-28,Austin,Albuquerque,Flatbed,833.9,7777.29,4.089541789011142
TR-018815,2025-04-29,Milwaukee,Kansas City,Flatbed,177.6,157.76,0.3118096929708663
TR-018893,2025-04-29,Charleston,Shreveport,Flatbed,836.3,379.59,0.19902745835035576
TR-018895,2025-04-29,Milwaukee,Harrisburg,Dry Van,644.5,466.99,0.340464038680008
TR-018907,2025-04-29,Tulsa,Dallas,Dry Van,142.9,1220.72,3.2126275201912056
TR-018955,2025-04-29,Cincinnati,St. Louis,Dry Van,228.7,101.63,0.16712149232839624
TR-019008,2025-04-30,Lubbock,Los Angeles,Reefer,1219.3,539.3,0.19582272973626888
TR-019041,2025-04-30,Indianapolis,Cincinnati,Reefer,180.5,153.87,0.28928458530316775
TR-019063,2025-04-30,Indianapolis,Philadelphia,Dry Van,1020.2,444.74,0.21427864422015733
TR-019091,2025-04-30,Hartford,Little Rock,Dry Van,1374.0,9161.37,3.3555892232893996
TR-019113,2025-05-01,Tucson,Bakersfield,Dry Van,327.7,182.42,0.22313990743502096
TR-019396,2025-05-02,Richmond,Green Bay,Flatbed,826.0,675.83,0.35938838458934597
TR-019517,2025-05-03,Los Angeles,Nashville,Flatbed,2021.0,16229.57,3.7767643056025677
TR-019671,2025-05-04,Little Rock,St. Louis,Flatbed,382.7,210.11,0.21574814985137244
TR-019752,2025-05-04,Indianapolis,Dayton,Reefer,253.4,141.81,0.19915810712679635
TR-019803,2025-05-05,Chattanooga,Fort Wayne,Dry Van,512.4,211.1,0.1809832475367155
TR-019854,2025-05-05,Mobile,Richmond,Reefer,929.9,861.91,0.3938622191081644
TR-019898,2025-05-05,El Paso,Lubbock,Dry Van,788.3,363.91,0.2142598339248893
TR-019914,2025-05-06,Dallas,Cincinnati,Dry Van,698.4,4972.59,3.272775174083849
TR-020116,2025-05-07,Tucson,El Paso,Dry Van,305.0,184.26,0.24216560840541376
TR-020177,2025-05-07,Grand Rapids,Greensboro,Flatbed,675.5,652.95,0.41223007499111786
TR-020246,2025-05-08,Atlanta,Los Angeles,Reefer,2153.5,17772.53,3.8057063790592567
TR-020544,2025-05-09,Kansas City,Boston,Dry Van,1317.7,756.4,0.2825436754249624
TR-020578,2025-05-10,Detroit,Phoenix,Flatbed,2355.2,2028.06,0.4236630546026626
TR-020759,2025-05-11,Richmond,Oklahoma City,Dry Van,1513.7,715.74,0.2355531825177122
TR-020775,2025-05-11,New York,Hartford,Flatbed,140.2,173.03,0.430643911901241
TR-020874,2025-05-12,Nashville,Shreveport,Reefer,373.5,235.49,0.23507189754947297
TR-020882,2025-05-12,Reno,Dayton,Dry Van,2004.1,12906.22,3.295194094972304
TR-020883,2025-05-12,Reno,Memphis,Flatbed,1869.7,14561.21,3.662728436566268
TR-020991,2025-05-13,Greensboro,Madison,Dry Van,646.6,532.08,0.37825004217045205
TR-021056,2025-05-13,Amarillo,Little Rock,Reefer,837.7,9350.63,4.677112293733148
TR-021071,2025-05-13,Corpus Christi,Atlanta,Dry Van,843.7,4610.02,2.5577479797648257
TR-021084,2025-05-13,Las Vegas,Baton Rouge,Dry Van,1559.8,12569.71,4.014485007082738
TR-021391,2025-05-15,Lexington,Bakersfield,Reefer,2102.3,1467.67,0.32193235392816777
TR-021400,2025-05-15,Memphis,Mobile,Flatbed,330.4,247.37,0.2942156770133047
TR-021436,2025-05-16,Tucson,Birmingham,Dry Van,1824.3,1216.1,0.33671221274971963
TR-021543,2025-05-16,Columbia,Tampa,Dry Van,578.6,5733.17,4.435738050645613
TR-021578,2025-05-16,Montgomery,Corpus Christi,Dry Van,738.0,700.65,0.4406391341202289
TR-021610,2025-05-17,Albuquerque,Milwaukee,Flatbed,1421.3,14079.19,4.499626785870781
TR-021703,2025-05-17,Buffalo,Shreveport,Flatbed,1151.5,11708.49,4.6391513819288726
TR-021796,2025-05-18,Detroit,Fort Wayne,Reefer,213.9,1794.15,2.8329818961866433
TR-021896,2025-05-18,New York,Raleigh,Dry Van,452.1,312.45,0.29521086855145595
TR-021903,2025-05-18,Jacksonville,Baltimore,Reefer,926.1,7010.39,3.2166436177751665
TR-021924,2025-05-19,Corpus Christi,Syracuse,Dry Van,1694.9,753.25,0.22448167751200165
TR-021951,2025-05-19,Hartford,Oklahoma City,Reefer,1851.3,13863.47,3.4091490355002465
TR-021969,2025-05-19,Jacksonville,Columbia,Dry Van,254.5,3220.66,5.072690100964125
TR-022004,2025-05-19,San Francisco,Greensboro,Dry Van,2524.6,1604.14,0.33526292003429115
TR-022061,2025-05-19,Amarillo,Mobile,Reefer,1105.6,539.41,0.20777365024897126
TR-022255,2025-05-21,Greensboro,Cincinnati,Reefer,314.7,4445.23,5.02684202517198
TR-022459,2025-05-22,Salt Lake City,Mobile,Dry Van,1632.3,599.77,0.18304516277985866
TR-022465,2025-05-22,Kansas City,Los Angeles,Dry Van,1909.1,709.46,0.19015185296189954
TR-022474,2025-05-22,Harrisburg,Chattanooga,Flatbed,706.3,5280.41,3.188332007755173
TR-022499,2025-05-22,Amarillo,Albuquerque,Dry Van,408.7,4613.61,4.7011716716985115
TR-022522,2025-05-22,Salt Lake City,Green Bay,Dry Van,1732.9,698.43,0.20358005262101586
TR-022549,2025-05-23,Los Angeles,Bakersfield,Dry Van,391.7,189.33,0.20129627199761005
TR-022644,2025-05-23,Kansas City,Milwaukee,Reefer,196.1,179.58,0.3092973563008571
TR-022731,2025-05-24,Dallas,Grand Rapids,Reefer,1041.3,11895.25,4.864824883388482
TR-023044,2025-05-26,Phoenix,Philadelphia,Dry Van,2983.4,1047.91,0.1889946914912078
TR-023295,2025-05-27,Washington,Chattanooga,Reefer,716.9,427.41,0.2464963895517854
TR-023305,2025-05-27,El Paso,Tulsa,Reefer,1071.1,7683.65,3.054970781652078
TR-023370,2025-05-28,Amarillo,Lubbock,Flatbed,412.4,5308.96,5.191726093938721
TR-023403,2025-05-28,Atlanta,San Antonio,Reefer,944.8,454.9,0.20459485299241462
TR-023457,2025-05-28,Washington,Dayton,Flatbed,548.9,5965.1,4.407730440778213
TR-023486,2025-05-28,Chattanooga,Grand Rapids,Dry Van,683.7,498.67,0.33526283452967665
TR-023560,2025-05-29,Reno,Jacksonville,Dry Van,2282.9,885.49,0.20465982843798558
TR-023574,2025-05-29,Boston,Nashville,Flatbed,1223.5,10045.86,3.7461463954111993
TR-023605,2025-05-29,San Francisco,Grand Rapids,Reefer,2308.9,930.2,0.18981797306870585
TR-023762,2025-05-30,Green Bay,Mobile,Dry Van,1071.8,784.85,0.35408354374539247
TR-023776,2025-05-30,Kansas City,Reno,Dry Van,1678.0,751.94,0.2263482129382418
TR-023803,2025-05-30,Amarillo,Phoenix,Reefer,895.0,542.84,0.25773147439732114
TR-023818,2025-05-30,Jacksonville,Savannah,Flatbed,218.4,2526.52,4.036593570997782
TR-023974,2025-05-31,Boston,Cincinnati,Flatbed,1119.8,9379.48,3.796796491484489
TR-024040,2025-06-01,Baton Rouge,Fort Wayne,Dry Van,1021.1,393.6,0.18208983470131135
TR-024102,2025-06-01,Fort Wayne,El Paso,Reefer,1722.1,1024.2,0.26115859527376817
TR-024128,2025-06-01,Greensboro,Baton Rouge,Dry Van,816.3,4621.66,2.6166076810457906
TR-024131,2025-06-01,Lexington,Memphis,Dry Van,333.6,3631.52,4.52213630782212
TR-024159,2025-06-01,Charleston,San Francisco,Flatbed,2813.6,1701.75,0.2908507912121068
TR-024282,2025-06-02,Fresno,Tampa,Reefer,2276.5,1061.17,0.21448134129521584
TR-024341,2025-06-02,Fort Wayne,Greensboro,Dry Van,489.1,381.54,0.33794539913018234
TR-024401,2025-06-03,Toledo,Mobile,Dry Van,877.7,4802.35,2.5646248318975253
TR-024432,2025-06-03,Atlanta,Montgomery,Reefer,311.9,172.72,0.19228472255082743
TR-024478,2025-06-03,Dallas,Atlanta,Flatbed,621.1,621.84,0.4060282807707878
TR-024566,2025-06-04,Hartford,Mobile,Reefer,1264.3,12403.35,4.092612538492673
TR-024590,2025-06-04,Chattanooga,Grand Rapids,Dry Van,659.5,309.35,0.2114834940994429
TR-024598,2025-06-04,Detroit,Houston,Dry Van,1258.3,640.81,0.24400702663982154
TR-024636,2025-06-04,Milwaukee,Fresno,Dry Van,2053.7,11729.5,2.915315301199134
TR-024673,2025-06-04,El Paso,Charleston,Flatbed,2028.3,10705.58,2.4462241965572993
TR-024779,2025-06-05,Montgomery,Oklahoma City,Reefer,869.1,8198.5,3.8568151393259527
TR-024785,2025-06-05,New Orleans,Bakersfield,Dry Van,1656.1,1175.34,0.3528610924864521
TR-024786,2025-06-05,Jacksonville,Corpus Christi,Dry Van,833.7,6362.14,3.526824392253293
TR-024829,2025-06-05,Nashville,Oklahoma City,Dry Van,758.5,5664.56,3.4124776101382066
TR-025173,2025-06-08,Toledo,Baltimore,Dry Van,806.2,5812.47,3.332025728998958
TR-025178,2025-06-08,New York,Jacksonville,Dry Van,949.4,5505.06,2.7178717655209566
TR-025526,2025-06-10,Hartford,Philadelphia,Reefer,70.0,579.9,2.662200963548607
TR-025655,2025-06-11,Greensboro,Lubbock,Reefer,1240.6,11224.33,3.7743347824967426
TR-025799,2025-06-12,Albany,Reno,Dry Van,2894.3,969.83,0.17812035625198508
TR-025800,2025-06-12,Indianapolis,Buffalo,Dry Van,684.6,4396.72,2.8955633488699823
TR-025885,2025-06-12,Fort Wayne,Atlanta,Reefer,538.9,329.96,0.23317059684490496
TR-026011,2025-06-13,Richmond,Fresno,Dry Van,2792.2,13432.05,2.5571562324626185
TR-026202,2025-06-15,Albany,Shreveport,Dry Van,1649.8,10402.19,3.1348755001740143
TR-026236,2025-06-15,Charleston,Phoenix,Dry Van,2552.5,23580.42,4.78434605650027
TR-026437,2025-06-16,Lubbock,Memphis,Dry Van,841.4,6007.57,3.2997933874282905
TR-026575,2025-06-17,Tampa,Detroit,Reefer,1253.0,605.83,0.20170258950352624
TR-026643,2025-06-17,Fresno,Savannah,Dry Van,2571.0,11700.83,2.4192239789186956
TR-026687,2025-06-17,Lexington,Providence,Dry Van,1022.1,472.85,0.2185389706626286
TR-026810,2025-06-18,Tampa,Little Rock,Reefer,619.0,6625.8,4.178482952378857
TR-026947,2025-06-19,Columbia,Bakersfield,Dry Van,2187.2,11439.83,2.669771601107304
TR-026991,2025-06-19,Syracuse,Amarillo,Dry Van,1860.8,9471.39,2.5640415914297146
TR-026995,2025-06-19,Baton Rouge,Fort Wayne,Flatbed,982.3,9572.69,4.15399881868746
TR-027101,2025-06-20,Grand Rapids,New Orleans,Dry Van,965.2,519.02,0.254018687782534
TR-027180,2025-06-20,Oklahoma City,Atlanta,Dry Van,872.2,737.32,0.39623794694903985
TR-027320,2025-06-21,Lexington,Philadelphia,Dry Van,808.7,7870.44,4.497819107019839
TR-027381,2025-06-21,Oklahoma City,New York,Dry Van,1713.2,10809.73,3.1371378003746946
TR-027388,2025-06-21,St. Louis,Reno,Dry Van,1823.4,14628.56,3.988838397647715
TR-027396,2025-06-22,Washington,Green Bay,Reefer,787.3,772.55,0.39586050276513896
TR-027472,2025-06-22,Baton Rouge,Columbia,Dry Van,715.9,654.01,0.41188235110331345
TR-027510,2025-06-22,Corpus Christi,Memphis,Dry Van,727.0,5472.77,3.4397905601251284
TR-027615,2025-06-23,El Paso,Cincinnati,Flatbed,1615.7,13875.07,3.7496766945652573
TR-027639,2025-06-23,Bakersfield,Lexington,Dry Van,2096.5,854.19,0.20797093850896375
TR-027685,2025-06-23,Greensboro,Baton Rouge,Dry Van,787.7,341.54,0.1981253026766169
TR-027813,2025-06-24,Bakersfield,Fresno,Flatbed,228.6,2083.66,2.9832582979740945
TR-027836,2025-06-24,Richmond,Phoenix,Dry Van,2651.3,12021.48,2.4102414557683782
TR-027841,2025-06-24,Baton Rouge,Phoenix,Dry Van,1688.9,704.57,0.20741827904837157
TR-027970,2025-06-25,Buffalo,Boston,Reefer,589.9,7597.52,5.0276428261185915
TR-028013,2025-06-25,Montgomery,Houston,Reefer,604.3,7773.37,5.021433398076329
TR-028095,2025-06-26,Columbia,Lubbock,Reefer,1209.2,1286.37,0.44379206641693614
TR-028216,2025-06-27,Washington,San Antonio,Dry Van,1613.7,9397.64,2.841796989248007
TR-028220,2025-06-27,Tucson,Raleigh,Dry Van,2423.3,22755.66,4.863165545535985
TR-028544,2025-06-29,Atlanta,Hartford,Flatbed,997.2,9195.27,3.930598949881861
TR-028598,2025-06-29,Richmond,Shreveport,Reefer,1106.1,11276.81,4.253430830864955
TR-028700,2025-06-30,Bakersfield,Buffalo,Dry Van,2396.0,15165.13,3.2779031940844785
TR-028750,2025-06-30,Memphis,Grand Rapids,Reefer,644.8,4288.85,2.6142846933846244
TR-028775,2025-06-30,St. Louis,Corpus Christi,Dry Van,897.7,372.08,0.19427693086476344
TR-028780,2025-06-30,Phoenix,Tampa,Dry Van,2068.4,10498.93,2.5909172745044367
TR-028783,2025-06-30,Baton Rouge,Buffalo,Reefer,1259.2,1097.31,0.36353513546351024
TR-028814,2025-07-01,Mobile,Boston,Reefer,1397.3,10620.88,3.36194166353293
TR-028825,2025-07-01,Washington,Lubbock,Dry Van,1627.6,14317.13,4.416154859286651
TR-028996,2025-07-02,Amarillo,Greensboro,Flatbed,1440.3,1156.87,0.3634631923724167
TR-029055,2025-07-02,Hartford,Tucson,Flatbed,2781.7,1984.68,0.3585111911632895
TR-029056,2025-07-02,El Paso,Indianapolis,Dry Van,1450.0,667.86,0.23123492963610545
TR-029058,2025-07-02,Milwaukee,Atlanta,Reefer,419.3,385.09,0.35336477346508915
TR-029089,2025-07-02,Richmond,Baltimore,Flatbed,271.1,2986.67,4.127180858229764
TR-029239,2025-07-03,Little Rock,Richmond,Dry Van,1034.4,452.41,0.20985330893936152
TR-029268,2025-07-03,Philadelphia,Columbia,Dry Van,759.6,5397.96,3.3342970376996313
TR-029278,2025-07-03,Lexington,Shreveport,Flatbed,635.4,7269.5,4.792880434098257
TR-029286,2025-07-04,Baton Rouge,Philadelphia,Reefer,1517.5,13817.43,4.031881146962043
TR-029459,2025-07-05,Los Angeles,Syracuse,Dry Van,2922.2,1106.28,0.20657364632389463
TR-029467,2025-07-05,Buffalo,Kansas City,Flatbed,805.8,702.09,0.385407872664392
TR-029478,2025-07-05,Bakersfield,Milwaukee,Reefer,1844.1,1148.65,0.2850521878442469
TR-029645,2025-07-06,Green Bay,Jacksonville,Reefer,1008.7,5358.34,2.279168131601937
TR-029664,2025-07-06,Indianapolis,Salt Lake City,Reefer,1568.2,11668.74,3.294819757627939
TR-029790,2025-07-07,Savannah,Detroit,Dry Van,842.0,4351.72,2.4051708160844596
TR-029811,2025-07-07,New Orleans,Cincinnati,Dry Van,514.2,263.32,0.22774379698158018
TR-029888,2025-07-07,Mobile,Cincinnati,Flatbed,458.6,3845.66,3.3980316961605586
TR-030016,2025-07-08,Hartford,Providence,Reefer,259.1,257.56,0.3531039712604919
TR-030247,2025-07-10,Cincinnati,Albany,Dry Van,1110.8,9195.08,4.0305463484291
TR-030282,2025-07-10,Charleston,Greensboro,Reefer,262.4,1962.96,2.657291618770719
TR-030321,2025-07-10,El Paso,Dayton,Dry Van,1691.6,768.57,0.22923498892484573
TR-030342,2025-07-10,Atlanta,Reno,Reefer,2086.4,975.29,0.21739208360907786
TR-030511,2025-07-11,Cincinnati,Nashville,Reefer,193.4,1358.99,2.3025680328424367
TR-030554,2025-07-11,Nashville,Dayton,Flatbed,429.9,396.96,0.37417080021624904
TR-030706,2025-07-12,Hartford,New York,Dry Van,114.4,59.68,0.1923447987952117
TR-030750,2025-07-13,Philadelphia,Louisville,Dry Van,947.0,4795.16,2.4261458406918806
TR-030892,2025-07-13,Montgomery,Memphis,Dry Van,404.2,3108.39,3.2403767465841393
TR-031019,2025-07-14,Lexington,Bakersfield,Dry Van,2107.3,926.82,0.22876012429144402
TR-031131,2025-07-15,Dayton,Baltimore,Dry Van,819.7,5061.61,2.873629791202366
TR-031202,2025-07-15,El Paso,Kansas City,Dry Van,1362.6,9445.95,3.4270072638000078
TR-031260,2025-07-16,Oklahoma City,Baltimore,Reefer,1747.7,19042.39,4.892106942794474
TR-031294,2025-07-16,Montgomery,Providence,Dry Van,1202.4,804.91,0.3273550920159712
TR-031303,2025-07-16,Milwaukee,Dallas,Flatbed,778.6,4358.6,2.4055315887710176
TR-031333,2025-07-16,Louisville,Syracuse,Dry Van,796.8,5970.35,3.4869646057908414
TR-031461,2025-07-17,Madison,San Antonio,Dry Van,1155.6,10965.67,4.640324844907306
TR-031620,2025-07-18,Albuquerque,Kansas City,Dry Van,1219.7,1025.42,0.4111208525624222
TR-031730,2025-07-19,Milwaukee,Grand Rapids,Dry Van,341.6,167.63,0.20677127037421836
TR-031746,2025-07-19,Milwaukee,Hartford,Reefer,1048.1,573.13,0.23727201642172585
TR-031788,2025-07-19,Madison,San Francisco,Dry Van,2021.3,1398.67,0.3580788349466116
TR-031963,2025-07-20,Columbia,Reno,Flatbed,2254.9,858.34,0.19069354883986764
TR-032085,2025-07-21,Nashville,Amarillo,Reefer,1115.9,7417.99,2.8844104889532254
TR-032353,2025-07-23,Phoenix,Nashville,Dry Van,1998.0,16951.43,4.390409452205773
TR-032460,2025-07-24,Charleston,Lubbock,Dry Van,1424.2,12550.02,4.35623403316548
TR-032580,2025-07-24,Baton Rouge,San Antonio,Flatbed,422.8,252.03,0.2415504504532322
TR-032678,2025-07-25,Dallas,Baltimore,Dry Van,1547.6,13435.73,4.358515088259766
TR-032679,2025-07-25,El Paso,Savannah,Dry Van,1870.5,10182.59,2.8170510211339703
TR-032850,2025-07-26,Memphis,Albany,Reefer,1289.4,1197.41,0.41074713724392803
TR-032869,2025-07-26,Grand Rapids,Cincinnati,Reefer,528.5,3288.98,2.459753879930903
TR-032878,2025-07-26,Amarillo,Raleigh,Flatbed,1791.7,8768.95,2.2801208517062124
TR-032946,2025-07-27,Tulsa,Houston,Dry Van,238.1,181.52,0.30947970987583895
TR-033039,2025-07-27,Raleigh,Fort Wayne,Reefer,706.8,7607.75,4.373481537541017
TR-033061,2025-07-27,Greensboro,Grand Rapids,Flatbed,640.5,282.54,0.18927165651834504
TR-033075,2025-07-27,Mobile,Phoenix,Reefer,1880.0,17333.65,4.219425307613433
TR-033087,2025-07-28,Oklahoma City,Hartford,Flatbed,1819.2,11117.85,2.8471865874993947
TR-033119,2025-07-28,Toledo,New York,Flatbed,688.8,589.77,0.3673789895470383
TR-033233,2025-07-29,Baton Rouge,Albany,Dry Van,1759.5,9454.94,2.711219380634261
TR-033257,2025-07-29,Albuquerque,Bakersfield,Dry Van,524.7,237.05,0.20092023541601658
TR-033274,2025-07-29,Tucson,Montgomery,Dry Van,1848.1,11700.79,3.276301690250999
TR-033305,2025-07-29,New York,Nashville,Dry Van,1005.1,6289.74,3.0025867083539777
TR-033312,2025-07-29,Los Angeles,Mobile,Dry Van,1945.6,11663.11,3.102094202549828
TR-033550,2025-07-30,Phoenix,Madison,Dry Van,1990.3,1398.59,0.3636353065470196
TR-033586,2025-07-31,Fresno,Los Angeles,Dry Van,416.2,171.28,0.1757456604858303
TR-033647,2025-07-31,Memphis,Savannah,Dry Van,536.0,3325.09,2.758883729970168
TR-033770,2025-08-01,Milwaukee,Fort Wayne,Reefer,265.3,236.48,0.3273597431508938
TR-034058,2025-08-03,Little Rock,Oklahoma City,Reefer,478.6,238.78,0.20130597176458967
TR-034288,2025-08-04,Jacksonville,Oklahoma City,Dry Van,992.4,9535.05,4.778263103965979
TR-034344,2025-08-04,Louisville,Cincinnati,Dry Van,70.0,82.38,0.44641909401946905
TR-034367,2025-08-04,Oklahoma City,Mobile,Flatbed,724.2,338.67,0.21157004240576616
TR-034374,2025-08-05,New York,Tulsa,Dry Van,1444.5,7603.41,2.7058797125006593
TR-034418,2025-08-05,Dayton,Raleigh,Flatbed,650.8,349.06,0.2351785015401033
TR-034474,2025-08-05,Austin,Lexington,Dry Van,1170.0,7436.41,3.1956041071248373
TR-034515,2025-08-05,Oklahoma City,Montgomery,Dry Van,896.7,387.41,0.21396336205230318
TR-034535,2025-08-05,Lexington,Syracuse,Reefer,703.2,682.59,0.41163081737764123
TR-034584,2025-08-06,Atlanta,Fresno,Dry Van,2242.0,18972.15,4.62801944818287
TR-034654,2025-08-06,Tulsa,Lexington,Reefer,714.5,5683.71,3.3733119098559414
TR-034753,2025-08-07,Washington,Bakersfield,Reefer,2565.3,1830.62,0.36057599438310856
TR-034934,2025-08-08,Shreveport,Columbia,Reefer,644.8,650.18,0.42759773820287694
TR-034941,2025-08-08,Kansas City,Mobile,Dry Van,654.6,337.03,0.24427725262479183
TR-035015,2025-08-09,Syracuse,Oklahoma City,Flatbed,1638.5,1056.79,0.31163602311142957
TR-035023,2025-08-09,Charleston,Richmond,Reefer,387.4,3901.56,3.8813611536134114
TR-035103,2025-08-09,San Francisco,Baton Rouge,Dry Van,2052.0,795.36,0.20907913678101156
TR-035197,2025-08-10,Amarillo,Fresno,Reefer,1031.1,5553.52,2.3899357368639476
TR-035209,2025-08-10,Washington,Cincinnati,Dry Van,649.3,3882.23,2.8367843730157585
TR-035228,2025-08-10,Nashville,Charleston,Flatbed,564.7,268.64,0.20451137556355714
TR-035282,2025-08-11,Atlanta,Baton Rouge,Flatbed,575.9,305.68,0.2281836511307264
TR-035298,2025-08-11,Montgomery,Kansas City,Reefer,749.2,4651.57,2.6560518549275414
TR-035372,2025-08-11,Nashville,Tampa,Flatbed,593.1,6014.82,4.359726946543196
TR-035450,2025-08-12,Syracuse,Tulsa,Dry Van,1343.8,753.64,0.2883015167298095
TR-035469,2025-08-12,Lexington,Fresno,Dry Van,2305.9,17742.34,4.208086534878134
TR-035476,2025-08-12,Bakersfield,New York,Reefer,2832.5,1345.5,0.240021724515613
TR-035524,2025-08-12,Los Angeles,Mobile,Dry Van,1971.1,12284.47,3.315619069424748
TR-035579,2025-08-13,Las Vegas,Bakersfield,Dry Van,111.4,822.99,2.8023887542530495
TR-035590,2025-08-13,Oklahoma City,Mobile,Dry Van,735.2,302.81,0.1985153125306715
TR-035834,2025-08-14,Green Bay,Amarillo,Reefer,1384.6,11797.79,3.81724672938852
TR-035905,2025-08-15,Nashville,Hartford,Dry Van,1082.9,8904.72,4.094893681179979
TR-035980,2025-08-15,Chattanooga,Kansas City,Dry Van,436.5,397.3,0.40429035480512754
TR-035999,2025-08-15,Richmond,Milwaukee,Dry Van,770.9,6767.41,4.231104387033817
TR-036101,2025-08-16,Providence,Columbia,Dry Van,936.6,474.97,0.25114687732241414
TR-036174,2025-08-17,Nashville,Oklahoma City,Reefer,774.1,590.4,0.3262751806539306
TR-036337,2025-08-18,Louisville,San Antonio,Dry Van,953.3,7005.3,3.639258474618181
TR-036371,2025-08-18,Jacksonville,Shreveport,Dry Van,541.4,5474.99,4.6467168910829395
TR-036392,2025-08-18,Houston,Tucson,Reefer,1280.7,9127.43,3.192824143833835
TR-036598,2025-08-19,Buffalo,Syracuse,Flatbed,142.3,1233.19,3.0897296433472308
TR-036610,2025-08-20,Chattanooga,Atlanta,Reefer,98.4,1386.42,4.709099049587575
TR-036616,2025-08-20,Philadelphia,Richmond,Flatbed,295.9,2104.27,2.7196605490922847
TR-036644,2025-08-20,Dayton,Mobile,Dry Van,696.0,342.72,0.23362573300378822
TR-036655,2025-08-20,Los Angeles,Columbia,Dry Van,2328.0,1098.68,0.2581086009394341
TR-036680,2025-08-20,El Paso,Greensboro,Dry Van,1813.7,11839.2,3.432159323842251
TR-036924,2025-08-21,Philadelphia,Harrisburg,Dry Van,344.5,249.52,0.31560867082237254
TR-036930,2025-08-21,Kansas City,Phoenix,Dry Van,1894.0,14362.88,4.034395028674506
TR-036953,2025-08-22,Greensboro,Tulsa,Reefer,813.6,664.28,0.3512346821354617
TR-036961,2025-08-22,Baton Rouge,Phoenix,Reefer,1641.0,1109.67,0.31282138269960025
TR-037174,2025-08-23,Albuquerque,Madison,Flatbed,1327.4,11981.0,4.265007157401136
TR-037201,2025-08-23,Milwaukee,Richmond,Flatbed,766.9,494.37,0.2916415088911179
TR-037234,2025-08-23,Tucson,Phoenix,Dry Van,274.0,2662.69,4.018076712161528
TR-037314,2025-08-24,Philadelphia,Savannah,Dry Van,759.6,509.3,0.3231603107604391
TR-037362,2025-08-24,New Orleans,Birmingham,Dry Van,406.5,2437.64,2.613014432811297
TR-037427,2025-08-25,Las Vegas,Baton Rouge,Dry Van,1552.6,633.84,0.2117635967480686
TR-037750,2025-08-27,New York,Richmond,Dry Van,259.3,240.18,0.3829856512656574
TR-037765,2025-08-27,Phoenix,Syracuse,Dry Van,2810.9,24294.98,4.838958482284041
TR-037876,2025-08-28,Albany,Dallas,Dry Van,1750.1,929.34,0.2792044276876644
TR-037897,2025-08-28,Oklahoma City,Green Bay,Dry Van,1273.8,784.94,0.3167764149634542
TR-037933,2025-08-28,Chattanooga,Lexington,Dry Van,224.4,1497.36,2.531176261970063
TR-037944,2025-08-28,Albany,Green Bay,Dry Van,978.6,4845.77,2.4625861115932195
TR-037963,2025-08-28,San Francisco,Atlanta,Dry Van,2287.0,13409.18,3.206640621789378
TR-038001,2025-08-28,Toledo,Shreveport,Reefer,892.1,566.92,0.27597214613148824
TR-038045,2025-08-29,Baton Rouge,Richmond,Dry Van,1212.4,6964.45,2.888127776005229
TR-038243,2025-08-30,Columbia,Cincinnati,Dry Van,330.1,144.92,0.19130027385736262
TR-038309,2025-08-30,Fort Wayne,Raleigh,Dry Van,697.4,551.31,0.37506314801588325
TR-038329,2025-08-30,Los Angeles,Mobile,Dry Van,1978.9,1501.74,0.4037269704320632
TR-038460,2025-08-31,San Antonio,Grand Rapids,Reefer,1352.0,7384.72,2.4469846163490456
TR-038591,2025-09-01,Greensboro,Jacksonville,Flatbed,365.7,170.36,0.17945368220256022
TR-038710,2025-09-02,Hartford,Richmond,Reefer,334.8,309.15,0.34592139181559917
TR-038772,2025-09-02,Houston,New York,Reefer,1543.2,11377.49,3.3239707017703424
TR-038803,2025-09-03,Columbia,Milwaukee,Flatbed,527.4,486.09,0.3755842031210483
TR-038838,2025-09-03,Fort Wayne,Hartford,Dry Van,858.3,4931.28,2.748436579257172
TR-039292,2025-09-06,Indianapolis,Amarillo,Dry Van,1083.3,6295.71,2.8936425229063234
TR-039307,2025-09-06,Dayton,Charleston,Dry Van,606.0,519.57,0.39421183692177914
TR-039359,2025-09-06,Greensboro,Fort Wayne,Dry Van,460.7,394.42,0.374503003556796
TR-039363,2025-09-06,Tulsa,Bakersfield,Dry Van,1477.7,11684.7,4.031880016650277
TR-039368,2025-09-06,Baton Rouge,Grand Rapids,Dry Van,1103.7,9250.6,4.173186231942272
TR-039439,2025-09-07,Tucson,Houston,Dry Van,1292.0,7773.89,3.0659498950329245
TR-039460,2025-09-07,Phoenix,Lexington,Dry Van,2217.9,10528.39,2.5763778144337826
TR-039480,2025-09-07,Syracuse,Indianapolis,Reefer,829.7,8354.94,4.256877146926506
TR-039514,2025-09-07,Cincinnati,Green Bay,Flatbed,593.2,3509.58,2.4859163932829738
TR-039546,2025-09-07,Bakersfield,Memphis,Flatbed,1787.5,1477.09,0.3872655533820332
TR-039559,2025-09-07,Cincinnati,Kansas City,Dry Van,346.4,198.16,0.24602302092938438
TR-039612,2025-09-08,Greensboro,Chattanooga,Dry Van,289.2,2021.98,2.8618909546379134
TR-039656,2025-09-08,Fort Wayne,Tucson,Dry Van,1939.9,1039.33,0.2846654998731621
TR-039677,2025-09-08,Oklahoma City,Indianapolis,Flatbed,848.9,758.12,0.3890868924034162
TR-039785,2025-09-09,Green Bay,El Paso,Dry Van,1674.6,776.5,0.24239743709954803
TR-039909,2025-09-10,Montgomery,Washington,Reefer,838.2,5795.79,2.9230339263815446
TR-040046,2025-09-10,Washington,Atlanta,Dry Van,688.3,3348.83,2.2946320707124355
TR-040049,2025-09-10,New York,Los Angeles,Flatbed,2887.9,1758.37,0.3039402880056498
TR-040060,2025-09-10,Mobile,Tampa,Dry Van,327.0,3869.45,4.84368622420535
TR-040080,2025-09-11,Tucson,Columbia,Flatbed,2046.7,9993.31,2.344061177143939
TR-040097,2025-09-11,Baltimore,Oklahoma City,Reefer,1760.3,20132.37,5.211451575609893
TR-040159,2025-09-11,San Francisco,Shreveport,Dry Van,1950.8,12240.81,3.3339426559706262
TR-040172,2025-09-11,Montgomery,Fresno,Dry Van,2283.4,20361.89,4.839780193112727
TR-040174,2025-09-11,Salt Lake City,Reno,Flatbed,521.0,244.05,0.19088501886233272
TR-040274,2025-09-12,Lubbock,New Orleans,Dry Van,581.3,352.31,0.2786652823527315
TR-040300,2025-09-12,Raleigh,Fort Wayne,Reefer,704.6,461.77,0.27281397729232254
TR-040323,2025-09-12,Montgomery,El Paso,Dry Van,1639.9,14949.25,4.648130848598694
TR-040596,2025-09-14,Nashville,Buffalo,Reefer,814.3,733.39,0.3807320353083638
TR-040601,2025-09-14,Fort Wayne,Phoenix,Dry Van,2210.6,808.74,0.19462530048382048
TR-040620,2025-09-14,Hartford,Syracuse,Dry Van,403.2,3043.83,3.2466652030771024
TR-040679,2025-09-14,Jacksonville,Baton Rouge,Dry Van,575.6,4277.4,3.4167822137073562
TR-040724,2025-09-15,Bakersfield,Tucson,Dry Van,331.4,3515.75,4.562502527361141
TR-040775,2025-09-15,Oklahoma City,Jacksonville,Reefer,976.3,575.21,0.25111267918175584
TR-040874,2025-09-16,Bakersfield,Baltimore,Reefer,2897.4,1843.92,0.30942628186041765
TR-041089,2025-09-17,Fort Wayne,Lexington,Dry Van,354.9,3848.82,4.6640074772780435
TR-041163,2025-09-18,Green Bay,Philadelphia,Reefer,946.1,885.17,0.4018774716521095
TR-041307,2025-09-18,Columbia,Houston,Dry Van,847.3,405.1,0.2287126609157335
TR-041368,2025-09-19,Houston,Fort Wayne,Dry Van,1044.3,432.04,0.20599068678859953
TR-041721,2025-09-21,Shreveport,Memphis,Dry Van,324.1,244.71,0.3090631318021838
TR-041987,2025-09-23,El Paso,Shreveport,Dry Van,1230.8,711.03,0.2904866383429245
TR-042033,2025-09-23,Kansas City,Baton Rouge,Reefer,737.8,322.34,0.18291091245731167
TR-042150,2025-09-24,Grand Rapids,Lubbock,Dry Van,1415.5,13026.22,4.689188710493307
TR-042259,2025-09-24,New York,St. Louis,Dry Van,1028.1,681.3,0.3282993485616248
TR-042302,2025-09-25,Nashville,Greensboro,Dry Van,371.1,349.14,0.40461901631158115
TR-042354,2025-09-25,Chattanooga,Little Rock,Flatbed,363.4,3286.31,3.4836403189038334
TR-042438,2025-09-26,Toledo,Austin,Dry Van,1445.9,7197.15,2.536363367997804
TR-042453,2025-09-26,Fort Wayne,Hartford,Dry Van,840.2,5949.01,3.387093548357269
TR-042459,2025-09-26,Kansas City,Mobile,Dry Van,639.9,476.98,0.3515489346952215
TR-042514,2025-09-26,Philadelphia,Tulsa,Flatbed,1497.7,1005.85,0.3121115060974107
TR-042646,2025-09-27,Boston,Phoenix,Dry Van,3183.8,13420.59,2.337038873371277
TR-042736,2025-09-28,Jacksonville,Tucson,Dry Van,1943.0,12797.54,3.499567790565778
TR-042800,2025-09-28,Harrisburg,Tampa,Dry Van,1087.6,835.1,0.3823122298339296
TR-042823,2025-09-28,Houston,Savannah,Reefer,862.6,759.15,0.3780264255891784
TR-042882,2025-09-29,San Antonio,Detroit,Dry Van,1460.5,13503.63,4.714387481210933
TR-042992,2025-09-29,Houston,Hartford,Dry Van,1667.1,10119.16,3.173075909240236
TR-043069,2025-09-30,Tulsa,Oklahoma City,Dry Van,305.5,2610.3,3.497467792805476
TR-043077,2025-09-30,Lexington,Charleston,Dry Van,436.3,2522.62,2.5291885687980105
TR-043102,2025-09-30,Fort Wayne,Albany,Reefer,874.4,7443.31,3.6564528307935316
TR-043131,2025-09-30,Charleston,Nashville,Dry Van,568.0,4000.2,3.2381099239601006
TR-043185,2025-10-01,Fort Wayne,Atlanta,Reefer,548.4,6477.13,4.648186121485374
TR-043303,2025-10-01,Atlanta,Phoenix,Reefer,2083.1,13894.55,3.141470815798183
TR-043385,2025-10-02,Lexington,Lubbock,Dry Van,1187.0,11696.44,4.849739048643688
TR-043435,2025-10-02,New York,Detroit,Dry Van,704.9,574.1,0.37588317660157083
TR-043540,2025-10-03,Milwaukee,Bakersfield,Dry Van,1893.0,17514.11,4.831517096255162
TR-043643,2025-10-04,Milwaukee,Baltimore,Dry Van,985.2,8236.26,4.078957277491145
TR-043674,2025-10-04,Milwaukee,Los Angeles,Flatbed,2071.4,1274.95,0.3025796142789556
TR-043691,2025-10-04,New York,Greensboro,Flatbed,693.1,548.16,0.34377244840546384
TR-043705,2025-10-04,New York,Austin,Reefer,1943.2,785.33,0.18871196807535118
TR-043727,2025-10-04,Reno,Toledo,Dry Van,2117.6,8592.93,2.1559345891174075
TR-043887,2025-10-05,Shreveport,Baltimore,Reefer,1348.4,11052.72,3.622558464069121
TR-043917,2025-10-05,Nashville,Dayton,Dry Van,424.2,4646.65,4.7429357040480715
TR-044015,2025-10-06,Atlanta,Richmond,Dry Van,663.0,337.89,0.23520939377179434
TR-044162,2025-10-07,Baton Rouge,Detroit,Flatbed,1189.2,8425.34,3.2333208899708934
TR-044176,2025-10-07,Raleigh,Milwaukee,Flatbed,796.6,463.05,0.25970708897746936
TR-044215,2025-10-07,Nashville,Tucson,Dry Van,1770.0,725.75,0.21112193760845088
TR-044268,2025-10-08,Albany,Albuquerque,Dry Van,2492.6,14425.42,3.1069710736828555
TR-044271,2025-10-08,Columbia,Kansas City,Reefer,652.1,313.15,0.2017729005047384
TR-044287,2025-10-08,Mobile,Richmond,Dry Van,944.9,4729.66,2.4174660362378098
TR-044312,2025-10-08,Mobile,Houston,Dry Van,478.4,411.17,0.38362016175179725
TR-044345,2025-10-08,Lexington,Albany,Dry Van,1040.0,10566.25,5.006809985778407
TR-044414,2025-10-08,Memphis,Atlanta,Dry Van,242.4,2281.75,3.8370335314655213
TR-044423,2025-10-08,Montgomery,Raleigh,Dry Van,679.7,4747.88,3.2238536331504726
TR-044503,2025-10-09,Columbia,Shreveport,Dry Van,650.2,5511.27,3.9119885487041093
TR-044524,2025-10-09,Tampa,Mobile,Dry Van,310.0,2940.49,3.8665013284156196
TR-044556,2025-10-09,Milwaukee,Greensboro,Dry Van,455.6,367.67,0.3494237497222762
TR-044614,2025-10-10,Tampa,Mobile,Reefer,307.6,2094.59,2.4308493971009786
TR-044671,2025-10-10,Tampa,Baton Rouge,Dry Van,444.7,200.31,0.19503539835816303
TR-044693,2025-10-10,New York,Milwaukee,Dry Van,914.1,362.69,0.19162765319246744
TR-044891,2025-10-12,Shreveport,Cincinnati,Dry Van,546.7,432.52,0.3531248621295881
TR-044983,2025-10-12,Richmond,Fort Wayne,Reefer,612.5,313.05,0.20715248738383354
TR-045022,2025-10-12,Jacksonville,Reno,Flatbed,2304.8,1384.9,0.3009040592864476
TR-045024,2025-10-12,Kansas City,Lexington,Reefer,433.4,3362.18,2.9719633140809067
TR-045060,2025-10-13,Raleigh,Columbia,Reefer,420.9,183.77,0.16726577239224366
TR-045174,2025-10-13,Corpus Christi,Atlanta,Dry Van,832.1,7004.3,4.008144230020296
TR-045258,2025-10-14,Shreveport,Providence,Dry Van,1566.2,1068.71,0.34518592980421164
TR-045286,2025-10-14,Providence,Baton Rouge,Dry Van,1590.7,9208.2,2.928376371510028
TR-045419,2025-10-15,Savannah,Dayton,Reefer,566.1,4350.23,3.1145951395740936
TR-045425,2025-10-15,Mobile,Boston,Flatbed,1402.1,568.26,0.18911350163126117
TR-045484,2025-10-15,Greensboro,Columbia,Dry Van,153.8,1971.21,4.757076264680974
TR-045555,2025-10-16,Reno,Columbia,Dry Van,2294.2,1687.37,0.39485749139259085
TR-045774,2025-10-17,Kansas City,Green Bay,Dry Van,466.3,2389.43,2.2187421652289374
TR-045820,2025-10-18,Atlanta,Baltimore,Dry Van,940.4,9522.01,4.890264181631938
TR-045834,2025-10-18,Amarillo,Greensboro,Reefer,1478.5,700.21,0.21592653795330716
TR-045988,2025-10-19,Hartford,Fort Wayne,Flatbed,832.2,5308.55,2.849997103477964
TR-045992,2025-10-19,Memphis,Cincinnati,Dry Van,243.8,203.4,0.3400771074630521
TR-046063,2025-10-19,Tucson,Phoenix,Reefer,273.9,166.3,0.21674324707339476
TR-046142,2025-10-20,Charleston,Baton Rouge,Reefer,939.7,752.15,0.34120530835158785
TR-046174,2025-10-20,Philadelphia,El Paso,Dry Van,2490.9,880.13,0.1896932450136118
TR-046179,2025-10-20,Philadelphia,Houston,Dry Van,1589.7,643.58,0.2047989834980342
TR-046214,2025-10-20,Columbia,Tucson,Flatbed,2023.4,17893.17,4.347264112476696
TR-046260,2025-10-20,Hartford,Savannah,Dry Van,829.2,352.82,0.20260400501494646
TR-046367,2025-10-21,Bakersfield,Columbia,Dry Van,2251.9,14403.14,3.4337558726224984
TR-046400,2025-10-21,Indianapolis,Madison,Dry Van,276.6,123.32,0.1817362201211609
TR-046426,2025-10-21,Raleigh,Columbia,Dry Van,417.8,2970.76,3.0787687677181146
TR-046517,2025-10-22,Toledo,Albuquerque,Reefer,1684.3,14784.38,4.028473004112655
TR-046583,2025-10-22,Columbia,Shreveport,Reefer,645.1,4892.72,3.186749615350345
TR-046614,2025-10-23,Little Rock,Buffalo,Flatbed,1038.6,7151.41,3.1197147424886835
TR-046668,2025-10-23,Albuquerque,Lexington,Dry Van,1643.6,9305.14,2.8639617316185695
TR-046671,2025-10-23,Grand Rapids,Tucson,Dry Van,2021.2,849.97,0.21960406221580964
TR-046720,2025-10-23,Syracuse,Raleigh,Flatbed,616.7,572.98,0.3967420737245665
TR-046731,2025-10-23,Kansas City,Atlanta,Dry Van,479.3,4635.85,4.317110067769096
TR-046778,2025-10-24,Hartford,Atlanta,Dry Van,1001.8,537.57,0.2618167989484815
TR-046916,2025-10-25,Bakersfield,Salt Lake City,Flatbed,274.4,193.34,0.26393939523937937
TR-046980,2025-10-25,San Francisco,Green Bay,Reefer,2242.7,1955.15,0.41761332369795523
TR-047002,2025-10-25,Cincinnati,Memphis,Dry Van,223.4,232.16,0.38571611348622575
TR-047299,2025-10-27,Boston,Bakersfield,Reefer,2979.1,19110.3,3.1476000143245697
TR-047504,2025-10-29,Bakersfield,Montgomery,Reefer,2063.5,880.04,0.20086145375375955
TR-047537,2025-10-29,Los Angeles,Richmond,Dry Van,2782.4,15003.55,2.991855679824916
TR-047539,2025-10-29,St. Louis,New York,Dry Van,1041.1,472.91,0.22385129859469935
TR-047587,2025-10-29,Corpus Christi,Las Vegas,Flatbed,1383.3,11596.28,3.9116208703585644
TR-047657,2025-10-30,Memphis,Philadelphia,Reefer,1125.7,552.14,0.21441872179429539
TR-047662,2025-10-30,Phoenix,Oklahoma City,Dry Van,1261.3,8276.0,3.2293675641793866
TR-047702,2025-10-30,Atlanta,Richmond,Flatbed,670.3,370.24,0.24008981817590616
TR-047743,2025-10-30,Atlanta,Nashville,Reefer,136.8,104.38,0.2497394424657007
TR-047796,2025-10-30,Memphis,Atlanta,Flatbed,239.2,227.15,0.3557281025821803
TR-047821,2025-10-30,Los Angeles,Little Rock,Reefer,1722.4,9939.89,2.6485266740133033
TR-047840,2025-10-31,Corpus Christi,Madison,Dry Van,1139.5,772.61,0.3341331481047797
TR-047899,2025-10-31,Syracuse,Grand Rapids,Dry Van,559.2,389.18,0.3183709229307078
TR-047993,2025-10-31,Cincinnati,Mobile,Reefer,457.0,5561.19,4.661899682067407
